type,user-id,content,date
推,heinse,山本要投滿九局，然後問天嗎？,10/09 09:01
推,sy2es6409,頭,10/09 09:01
推,matico,愛山本,10/09 09:01
推,JoAdell,沒有3:0 不要不信,10/09 09:01
推,s83106,希望是愛山本打線,10/09 09:02
→,johnwu,今天是愛山本打線?,10/09 09:02
推,kenQQ,影帝回來 宇宙躲不讓了,10/09 09:02
推,kevin17872,道奇加油,10/09 09:02
推,basala5417,今天又要涼平了嗎,10/09 09:02
推,gotohikaru,山本季後賽援護率不錯啦,10/09 09:02
推,yksltpcc,由伸加油！！,10/09 09:03
推,TiauEX,山本能....贏吧?,10/09 09:03
推,allgking,未看先猜投手戰,10/09 09:03
推,Icestorm,http://i.imgur.com/FA9ANOt.jpg,10/09 09:04
推,saiulbb,費城加油，我要看第四戰,10/09 09:04
→,benboy,我躲能不能今天晉級呢,10/09 09:04
推,adad48362,超級賀南德茲兄弟,10/09 09:04
→,Icestorm,http://i.imgur.com/ogPQVsZ.jpg,10/09 09:04
推,SmonSo,山本還是努力完投吧,10/09 09:05
→,adad48362,山本的皮膚也太糟了吧XD,10/09 09:05
推,Yuko300,今天雙響大谷,10/09 09:05
推,jasop,愛山本,10/09 09:05
推,gilbertmac,既希望道奇能儘快贏下來 又希望連假有比賽看,10/09 09:05
推,asd7530297,有山本 有公 歐耶,10/09 09:06
推,Blackie9211,山本加油,10/09 09:06
推,randy2903,道奇完整打線怎麼輸,10/09 09:06
推,inschool,衝阿,10/09 09:06
推,SHOTN17,今年這援護率讓油雞傷透了心 皮膚都變差了QAQ,10/09 09:07
推,zsincerity,記者很讚,10/09 09:07
推,bada,亞馬摩托 車過去,10/09 09:07
推,mictoaety,山本先發是不是等8局再看就好,10/09 09:07
推,max5209,道奇加油 今天就收工!,10/09 09:08
推,myeunji,防禦率高的道奇反而不會打，今天能突破嗎,10/09 09:08
推,hpfan,山本加油啊,10/09 09:08
推,love088195,山本加油,10/09 09:08
推,a3s5d6f4,敢不敢完投9局！,10/09 09:09
推,sky419012,剛剛是獵人的BGM？,10/09 09:09
推,foxy0703,山本先發對方投手會有賽揚靈氣,10/09 09:09
推,nigatsuki,Kike照片跟本人太不像 一度想說誰啊,10/09 09:09
推,yufat,豬肝色配天藍色 真的不敢恭維,10/09 09:09
推,carlchang092,居然用點的,10/09 09:10
推,TiauEX,這什麼招,10/09 09:10
推,jiaxie,失敗的短打,10/09 09:10
推,zego41,只能先拚上壘了,10/09 09:10
推,inschool,短棒?,10/09 09:10
推,SHOTN17,謝謝TT,10/09 09:10
推,centtong,投給你點,10/09 09:10
推,zxcghjko,GO,10/09 09:10
推,yugowolf,點這球是搞笑？,10/09 09:10
→,zxcghjko,短打送頭,10/09 09:10
→,realmd,覺的自已腿快嗎,10/09 09:10
推,yangtsur,大谷氣條該集滿了吧,10/09 09:10
推,visviva,是怎樣XD,10/09 09:10
推,disasterD,送頭？？？,10/09 09:10
推,c251970,Nola加油！,10/09 09:10
推,rainbowcrash,費城人在幹嘛==,10/09 09:10
推,KWBilly,居然用點的，這第一棒欸,10/09 09:10
推,mmckiedd,也點太爛,10/09 09:10
推,murmur38,洗碗伯出場被噓,10/09 09:10
推,spark12,教練下達的戰術吧,10/09 09:10
→,centtong,省省省,10/09 09:10
→,yufat,上次費城穿這套是1983年,10/09 09:10
→,inschool,省,10/09 09:10
推,pett,點什麼？,10/09 09:10
→,jiaxie,全壘打領先者，就洗碗伯敲不出來,10/09 09:10
推,Rentch,球找棒子XD感覺不是真的想點,10/09 09:10
推,woddy,一球死，帥,10/09 09:10
→,SHOTN17,省 = =,10/09 09:10
推,nepenthes7,洗碗伯,10/09 09:10
→,etset,今天會派愛山本連線嗎,10/09 09:10
推,TP62842UL3,教練說不要揮大棒，好的 短打,10/09 09:10
推,hank61910,四球兩出局,10/09 09:10
推,cool8418,水啦 省,10/09 09:10
推,lmf770410,省,10/09 09:10
→,zxcghjko,一球死,10/09 09:10
→,yugowolf,一開賽就聞到放假的味道,10/09 09:10
推,jm32n,如風,10/09 09:10
推,daydreamer13,省爆,10/09 09:10
→,a3s5d6f4,洗碗伯幫省,10/09 09:10
推,pandergast,這在守備練習嗎,10/09 09:10
推,Axwell,好快,10/09 09:10
→,foxy0703,省球 好的開始,10/09 09:10
推,JEFFTAY,山本加油！,10/09 09:11
推,cyn2,趕下班,10/09 09:11
推,zsincerity,這補位速度全球第一,10/09 09:11
推,angelmax,只想揮大棒 好喔,10/09 09:11
→,pett,這進攻會不會太積極了,10/09 09:11
→,nepenthes7,幫山本省球數他就要完投啦,10/09 09:11
推,Nongem417,省,10/09 09:11
→,visviva,山本應該也可以盜壘(?,10/09 09:11
→,daydreamer13,前兩出局真的是像守備練習,10/09 09:11
→,SHOTN17,指叉高起來了,10/09 09:11
→,disasterD,還幫山本省球 謝謝,10/09 09:11
→,hydra7,費城趕下班喔？,10/09 09:11
→,lmf770410,這球危險,10/09 09:11
→,sooder,第一球有點危險,10/09 09:11
推,Montrealais,一棒用點的？真細膩野球,10/09 09:11
推,ejonlj,怎麼感覺今天轉播 投手跟打者比較大隻,10/09 09:11
→,daydreamer13,曲球忍住,10/09 09:11
→,mmckiedd,抖了一下,10/09 09:11
→,yufat,好曲 可惜,10/09 09:11
→,daydreamer13,真能忍,10/09 09:12
→,Largebird,EEEEE,10/09 09:12
推,benson502,我也覺得山本變大隻,10/09 09:12
推,lmc66,出局如風,10/09 09:12
推,alexhsu0909,山本會補位耶,10/09 09:12
→,Largebird,錯頻XD,10/09 09:12
推,zego41,哈潑今天有耐心,10/09 09:12
→,lmf770410,對Harper謹慎,10/09 09:12
推,jiaxie,2OUT BB,10/09 09:12
推,cool8418,BB,10/09 09:12
→,visviva,有欸，zoom in??,10/09 09:12
推,Blackie9211,BB,10/09 09:12
噓,HiHiCano,BB 完了,10/09 09:12
推,alljerry04,被錯頻嚇了一跳 XD,10/09 09:12
推,zxcghjko,BB,10/09 09:12
推,inschool,穩一個,10/09 09:12
推,nepenthes7,亂飛XD,10/09 09:13
→,Montrealais,控球突然走鐘,10/09 09:13
→,daydreamer13,真敢塞,10/09 09:13
→,visviva,沒辦法，不是絕境不會投,10/09 09:13
→,benson502,跑一個喘？,10/09 09:13
→,zego41,山本不要肉包啊,10/09 09:13
推,kotorichan,丸子,10/09 09:13
→,sooder,肩膀突然一沉,10/09 09:13
推,TokyoHard,有遠,10/09 09:14
推,centtong,嚇死,10/09 09:14
→,daydreamer13,怕黑讚,10/09 09:14
→,inschool,好耶,10/09 09:14
推,crayon1988,第一局撐過去啊,10/09 09:14
推,HiHiCano,漏尿了,10/09 09:14
推,TiauEX,挖 這曲球能撈這麼遠,10/09 09:14
→,jiaxie,漏了兩滴,10/09 09:14
→,Blackie9211,FO,10/09 09:14
→,zego41,小抖一下,10/09 09:14
推,s83106,嚇死XDDD,10/09 09:14
→,crayon1988,NP,10/09 09:14
推,lmc66,春天來一發,10/09 09:14
推,lmf770410,這麼遠,10/09 09:14
推,fmtpeter,學長點點頭,10/09 09:14
推,hipnos,驚險,10/09 09:14
→,visviva,遠..,10/09 09:14
→,Montrealais,13球下莊，驚險飛球,10/09 09:14
推,love088195,怕,10/09 09:14
推,angelmax,好險欸,10/09 09:14
推,disasterD,隨便就這麼遠,10/09 09:14
推,bboykay,這球打得蠻不錯的,10/09 09:14
推,taiwan08,13球，看來可以完投了,10/09 09:14
→,benson502,漏一滴,10/09 09:14
推,Franc1224,抖了一下,10/09 09:14
推,a55665203031,感覺今天狀態沒有很好,10/09 09:14
推,hpfan,小抖過關,10/09 09:14
→,sooder,嚇死,10/09 09:14
推,bin17,這個抖,10/09 09:14
推,daniel4653,輕浮學長 要幫忙一下了嗎,10/09 09:14
→,zego41,費城主場太緊繃，道奇主場大家很CHILL,10/09 09:14
推,joanna1212,才第一局，可能還沒熱開,10/09 09:14
推,Axy8,居然這麼遠,10/09 09:15
推,kotorichan,天能該出來了,10/09 09:15
推,foxy0703,以為切到結果超越 抖,10/09 09:15
→,TokyoHard,"看這球跟哈波感覺都是在等變化球,曲球可能得小心丟",10/09 09:15
推,sakurarein,未看先猜翔平瞎揮吃K,10/09 09:15
→,lmc66,嚇die,10/09 09:15
推,OneSong,別怕，等等就熱好了,10/09 09:15
→,Yjizz,還好BIG DOG接殺,10/09 09:15
推,Romulus,這球接的這麼輕鬆也是因為是黑絲,10/09 09:15
推,huangjyuan,翔平開轟 樓下100P,10/09 09:15
推,Catalyst,希望今天是巔峰Nola…,10/09 09:15
推,pirates223,好,10/09 09:16
推,Benbenyale,收,10/09 09:16
推,preattyall,預言：大谷首打席全壘打,10/09 09:16
→,foxy0703,山本沒下之前打線不期待,10/09 09:16
推,mmckiedd,還好沒往右外野打,10/09 09:16
→,Romulus,一堆紅中和明顯壞球 第一局控球偏母湯,10/09 09:16
推,nigatsuki,大谷首打席開轟樓下稅前170p,10/09 09:16
推,dofine,好,10/09 09:17
推,lcw33242976,好,10/09 09:17
→,eellee,好,10/09 09:17
推,lookers,大谷不要輕浮滾地,10/09 09:17
推,jiaxie,先猜吃K,10/09 09:17
推,LukeSkywaker,未看先猜大谷一看二揮三振,10/09 09:17
推,shigurew,猜小水槍,10/09 09:17
推,jm32n,一看,10/09 09:17
推,benson502,熟悉的一看二揮,10/09 09:17
推,joanna1212,好,10/09 09:17
推,etset,愛山本一下啊,10/09 09:17
推,pirates223,mvp mvp,10/09 09:17
推,Nongem417,看,10/09 09:17
→,jiaxie,一看二揮光速兩好K味濃,10/09 09:17
→,Catalyst,95mph nola 回來了,10/09 09:17
推,zego41,一看二揮,10/09 09:17
推,HiHiCano,ERA 6的投手 大谷不會打不爆吧,10/09 09:17
→,sooder,準備要被k了,10/09 09:17
→,LukeSkywaker,一看二揮,10/09 09:17
推,lunarblue,該轟了吧,10/09 09:18
→,Nongem417,k味濃,10/09 09:18
→,Shift2,學長?,10/09 09:18
→,LukeSkywaker,k味濃厚,10/09 09:18
推,yuenwwjd,炸爛他,10/09 09:18
→,lunarblue,k感,10/09 09:18
推,timq4g,kkkk,10/09 09:18
推,mmckiedd,經典,10/09 09:18
→,TokyoHard,太高,10/09 09:18
推,mictoaety,FO,10/09 09:18
推,rosydark,fo,10/09 09:18
→,jiaxie,笑死 左外鳥飛OUT,10/09 09:18
→,LukeSkywaker,k味濃厚,10/09 09:18
推,inschool,涼,10/09 09:18
→,lunarblue,正常發揮,10/09 09:18
推,CaminoI,沒有 果然是山本先發就…,10/09 09:18
→,zego41,撈,10/09 09:18
推,one393143,輕浮,10/09 09:18
噓,terminator3,學長又不擊,10/09 09:18
推,zxcghjko,FO,10/09 09:18
→,HiHiCano,ERA 6對山本如果贏的話 道奇應該會被連三,10/09 09:18
推,alljerry04,有夠快,10/09 09:18
推,jacky77437,學長又躺了,10/09 09:18
→,lemonjye,手軟喔，笑死,10/09 09:18
→,pirates223,見高不見遠,10/09 09:18
推,ct13579,先猜今天只洋基被淘汰,10/09 09:18
推,yufat,==,10/09 09:18
推,daniel4653,涼平,10/09 09:18
→,Nongem417,躺,10/09 09:18
推,lmf770410,水槍,10/09 09:18
→,jm32n,先躺,10/09 09:18
→,lunarblue,也是在比爛的,10/09 09:18
推,Franc1224,沒掌握好，可惜,10/09 09:18
→,mark0116,一臉輕浮,10/09 09:18
→,sooder,正常發揮,10/09 09:19
推,mitbeaver,涼,10/09 09:19
推,Catalyst,今天變化球幅度也有出來 GOGO,10/09 09:19
→,inschool,不急 山本下去才會轟,10/09 09:19
推,tending,笑死，送頭谷,10/09 09:19
噓,Axwell,20分飛球,10/09 09:19
推,a2350221,軟手,10/09 09:19
推,nigatsuki,FO 最低標準比拿香好QQ,10/09 09:19
推,dic,起碼不是被K,10/09 09:19
推,GG94783,哈哈季後賽軟手之谷,10/09 09:19
推,myeunji,季後賽跟松井差好多,10/09 09:19
推,Sho17,繼續躺平,10/09 09:19
→,pirates223,至少沒有滾地 再加油吧,10/09 09:19
推,benson502,仙貝洋基先再見了,10/09 09:19
推,bin17,涼,10/09 09:19
→,nigatsuki,這顆真犀利,10/09 09:19
推,Marsss77,洋基要下課囉,10/09 09:19
→,Franc1224,打擊第七局再來看,10/09 09:19
推,LukeSkywaker,看到山本就軟手了,10/09 09:19
推,max011060,GG買單了 QQ,10/09 09:19
推,ysc1213,錢公講成這樣反而想看道奇翻船了,10/09 09:20
推,othen,老爹說的沒錯，洋基沒救,10/09 09:20
→,nigatsuki,擦邊撿,10/09 09:20
推,spark12,球速能看得清楚球路 只是打中球心要靠手感,10/09 09:20
推,gilbertmac,這投手不強阿,10/09 09:20
推,zego41,撲了,10/09 09:20
推,inschool,大哥!,10/09 09:20
推,gotohikaru,3B,10/09 09:20
推,fmtpeter,大哥H!!!!!,10/09 09:20
推,luca714,大哥!,10/09 09:20
推,centtong,落地啦,10/09 09:20
推,SHOTN17,大哥！！！,10/09 09:20
推,daydreamer13,真·第一棒,10/09 09:20
噓,Romulus,zzz,10/09 09:21
推,mictoaety,大哥3B,10/09 09:21
→,terminator3,這撲也太好笑,10/09 09:21
推,visviva,木屐，我的超人,10/09 09:21
推,yban63,哈哈哈哈哈，笑死,10/09 09:21
推,ssss06,有撲有膠帶,10/09 09:21
推,sakurarein,大哥真的好強...,10/09 09:21
推,lmf770410,大哥！,10/09 09:21
推,joanna1212,三壘安,10/09 09:21
推,HiHiCano,還得是大哥,10/09 09:21
推,kevinhong314,大哥,10/09 09:21
→,zego41,大哥3B,10/09 09:21
推,carlchang092,大哥3B！！！！！,10/09 09:21
推,LAriza,７７７７７７７７７７７７７７７７７７,10/09 09:21
推,Blackie9211,還敢賭博性撲球啊,10/09 09:21
推,etset,大哥！！！,10/09 09:21
→,terminator3,差那麼多,10/09 09:21
推,crayon1988,大哥！,10/09 09:21
推,zxcghjko,3B,10/09 09:21
推,HardDDDD,大哥！,10/09 09:21
推,sooder,帥啊,10/09 09:21
推,Kemin666,哇哇哇大哥！,10/09 09:21
推,roylee1214,居然撲....,10/09 09:21
推,yuchiwang,大哥太強,10/09 09:21
推,jacky77437,還是大哥比較罩,10/09 09:21
推,yufat,1出局不用撲成這樣吧 感謝,10/09 09:21
推,myeunji,那個第一棒學習一下,10/09 09:21
推,K951753,大哥真的好強,10/09 09:21
推,a3s5d6f4,大哥 愛山本啦,10/09 09:21
推,taiwan08,大哥3B,10/09 09:21
推,love088195,大哥太強啦！,10/09 09:21
推,angel1314,木屐,10/09 09:21
推,johnnyvose,木屐狀況真好,10/09 09:21
→,nigatsuki,三安啊啊啊啊啊啊啊啊啊啊,10/09 09:21
推,nightcrow,大哥真罩,10/09 09:21
推,pirates223,木屐7777777777,10/09 09:21
推,murmur38,大哥!!,10/09 09:21
→,Yjizz,TRIPLE !,10/09 09:21
推,rong1994,一壘安打變三安 笑死,10/09 09:21
推,jm32n,這撲ww,10/09 09:21
→,FunnyPotato,外野手忘記自己不是Bader,10/09 09:21
噓,Axwell,反觀,10/09 09:21
→,inschool,撲得差有點遠,10/09 09:21
推,yang826,大哥季後賽好強,10/09 09:21
推,galiyo,才第一局就在拚這種球,10/09 09:21
推,hpfan,大哥,10/09 09:21
推,Nongem417,三壘安！,10/09 09:21
推,mitbeaver,大哥！,10/09 09:21
推,bin17,大哥就是大哥,10/09 09:21
→,crayon1988,反觀學長都不幫的,10/09 09:21
推,sl0511,愛木屐,10/09 09:21
推,c251970,木屐太猛了,10/09 09:21
→,ysc1213,要死三壘安打,10/09 09:21
推,thibw13ug1,大哥就是大哥,10/09 09:21
推,Catalyst,乾 不敢看了 差一點,10/09 09:21
→,OneSong,差有點多,10/09 09:21
→,pirates223,反觀笑死,10/09 09:21
推,rosydark,差那麼多還撲,10/09 09:21
→,angel1314,賭博式防守,10/09 09:21
→,visviva,木屐的身材可以站穩內野，是不是表示亞洲選手應該也可以,10/09 09:21
→,visviva,？,10/09 09:21
推,mmckiedd,大哥！,10/09 09:21
→,Tiger23,這撲太勉強了,10/09 09:21
推,bob621024,大哥！,10/09 09:21
推,herokun,一安變三安，虧太大了,10/09 09:21
→,zego41,1B變3B,10/09 09:21
→,Yjizz,MARSH 差了一大步 沒撲到,10/09 09:21
→,NowQmmmmmmmm,差的有夠遠也在撲,10/09 09:21
推,Franc1224,送2個壘包,10/09 09:21
→,lcw33242976,愛山本,10/09 09:21
推,blacksun,要得分了，好快,10/09 09:21
推,fxm20334,愛山本,10/09 09:21
→,HiHiCano,老師揮K率很高,10/09 09:21
→,a3s5d6f4,這球撲的不太理智,10/09 09:21
→,SHOTN17,毛許這太拼了吧  這樣就上三壘了,10/09 09:21
→,lunarblue,木屐就是強，跟某人差很多,10/09 09:21
推,ScotchWhisky,大哥讚 就第一棒在雷,10/09 09:21
推,disasterD,翔平學著點 這才是MVP,10/09 09:21
推,LukeSkywaker,反觀前一棒蝦毀的,10/09 09:21
推,angelmax,落點不錯 沒賭到,10/09 09:21
推,nicefeel,大哥就是大哥,10/09 09:22
→,daydreamer13,低消先拿回來吧,10/09 09:22
→,hydra7,差這麼多還拼喔,10/09 09:22
→,HiHiCano,三振化解大哥的3B,10/09 09:22
推,zealotlai274,擋下來就好，也才1B,10/09 09:22
→,daydreamer13,在門口了才一出局 一定要拿下,10/09 09:22
→,Franc1224,K味濃,10/09 09:22
→,gilbertmac,木屐體格不高大 但運動能力超頂阿,10/09 09:22
推,avcddd,往前欄截的風險 老師    你,10/09 09:22
推,grade1kimo,老師愛一下山本,10/09 09:22
→,HiHiCano,3壘計 會中計嗎,10/09 09:22
→,lunarblue,要提前道歉了嗎？,10/09 09:22
→,moment612,老師行不行啊,10/09 09:22
→,blacksun,第一句就完全趨前，嘖嘖,10/09 09:22
推,Rentch,先落地好像也是會over，原本可能也是2.3B,10/09 09:22
推,starry3170,基本功一下,10/09 09:22
→,blacksun,第一局,10/09 09:22
→,HiHiCano,KKKKKKKKKK,10/09 09:22
推,nightcrow,要先儲值嗎,10/09 09:22
推,kb24leo,k,10/09 09:23
推,roylee1214,....,10/09 09:23
推,inschool,沒基本功了,10/09 09:23
推,Blackie9211,啊乾,10/09 09:23
推,zxcghjko,K,10/09 09:23
推,myeunji,感覺一分為得,10/09 09:23
→,NowQmmmmmmmm,三振,10/09 09:23
→,citpo,Nola 招牌曲,10/09 09:23
→,moment612,感覺要沒分了呵呵,10/09 09:23
→,blacksun,沒有基本功,10/09 09:23
推,yooyum,…….分數拜託,10/09 09:23
推,fmtpeter,交給自由男神,10/09 09:23
推,kinve1014,大哥季末回神到季後賽真的太神了,10/09 09:23
推,Nongem417,k,10/09 09:23
→,sooder,應該沒了,10/09 09:23
噓,Axwell,Zzzzzzzzz,10/09 09:23
→,a3s5d6f4,投得好,10/09 09:23
推,lmf770410,老師又要先犯錯再道歉了,10/09 09:23
→,HiHiCano,連基本功都沒有 爛死 era 6投的像賽揚,10/09 09:23
推,silver0717,好,10/09 09:23
推,visviva,幹，兩出局了,10/09 09:23
推,darn,分數回來啊,10/09 09:23
推,nigatsuki,老師…..,10/09 09:23
→,daydreamer13,三壘欸 不拿很虧,10/09 09:23
推,pttlulu,看起來好像沒撲也擋不到,10/09 09:23
→,bob621024,涼了,10/09 09:23
→,inschool,二哥信你了,10/09 09:23
→,grade1kimo,剩自由人大哥拜託,10/09 09:23
推,angel1314,會不會沒了?,10/09 09:23
推,iam0718,至少得一分阿,10/09 09:23
推,etset,二哥加油,10/09 09:23
→,blacksun,自由人：看來要我尻一發了,10/09 09:23
推,mmckiedd,要回不來了,10/09 09:23
推,cychi,至少來一分吧,10/09 09:23
推,mictoaety,HBP,10/09 09:23
推,timq4g,感覺沒了 nola狀況看起來不錯,10/09 09:23
→,daydreamer13,送幸福,10/09 09:23
推,rosydark,HBP,10/09 09:23
→,citpo,丟人拉,10/09 09:23
推,yufat,蛤,10/09 09:23
→,inschool,唉唷,10/09 09:23
→,roylee1214,丟人啦,10/09 09:23
→,angel1314,K到人,10/09 09:24
→,Shift2,砸人啦,10/09 09:24
→,Blackie9211,HBP,10/09 09:24
→,HiHiCano,好慘 本來暴投的,10/09 09:24
→,zxcghjko,HBP,10/09 09:24
推,TiauEX,這球軌跡好像鄧愷威,10/09 09:24
→,yooyum,…….沒得打了煩欸,10/09 09:24
→,Diaw0803,木屐季後賽模式真的好強,10/09 09:24
→,NowQmmmmmmmm,還以為暴投送分,10/09 09:24
→,HiHiCano,沒得分…,10/09 09:24
→,fmtpeter,大哥二哥都上壘了，尋找一下翔平,10/09 09:24
推,klmer19104,影帝來一發,10/09 09:24
推,jiaxie,Freeman HBP.  MVP就一個在雷？,10/09 09:24
→,blacksun,欸欸不是阿不給尻,10/09 09:24
→,lmf770410,等著他自爆就好了 老師太急,10/09 09:24
→,pttlulu,中鞋子,10/09 09:24
→,Rentch,招牌曲打腳,10/09 09:24
推,hhpsjoe,這球沒撲也是滾到後面啊 主播球評在供三小,10/09 09:24
推,Eshow,專弄山本之K,10/09 09:24
→,avcddd,道歉哥等下用守備道歉,10/09 09:24
→,Diaw0803,幹 故意的484,10/09 09:24
推,rick83007,有閃掉感覺會是暴投XD,10/09 09:24
推,woddy,影帝炸一個,10/09 09:24
→,grade1kimo,影帝霸脫,10/09 09:24
→,moment612,影帝拜託,10/09 09:24
推,lmc66,不敢對決就直接比4 居然丟人,10/09 09:24
推,kaede0711,這球沒碰到的話反而會掉分,10/09 09:24
→,fmtpeter,好早熱,10/09 09:24
推,lunarblue,劇本很多,10/09 09:24
推,CaptainWill,3B後K人又K人,10/09 09:24
→,yufat,第一局就在拍牛棚,10/09 09:24
推,gotohikaru,可惜拉早了,10/09 09:24
→,Nongem417,影帝來吧,10/09 09:24
推,luca714,可惜阿,10/09 09:24
→,jiaxie,嚇死！界外,10/09 09:24
→,OneSong,可惜,10/09 09:24
→,daydreamer13,靠 可惜,10/09 09:24
→,roylee1214,恐怖,10/09 09:24
→,inschool,嚇死,10/09 09:24
→,woddy,漏2滴,10/09 09:24
推,carlchang092,差一點,10/09 09:24
→,mictoaety,可惜啊,10/09 09:24
推,Catalyst,球跑過頭 相信Nola好嗎 熱身什麼= =,10/09 09:24
推,zego41,影帝拉快了,10/09 09:24
→,darn,影帝加油！,10/09 09:24
→,roylee1214,可惜,10/09 09:24
→,etset,影帝太有氣勢了吧,10/09 09:24
→,Blackie9211,可惜,10/09 09:24
推,SHOTN17,可惜 拉早了,10/09 09:24
推,angelmax,熱身囉,10/09 09:24
→,cychi,得點圈之鬼,10/09 09:24
→,NowQmmmmmmmm,嚇死,10/09 09:24
推,s83106,太可惜了吧,10/09 09:24
→,zxcghjko,可惜,10/09 09:24
→,CaptainWill,影帝來一發,10/09 09:25
→,lmf770410,太早拉,10/09 09:25
推,galiyo,可惜,10/09 09:25
→,pttlulu,投手漏了兩滴,10/09 09:25
推,pirates223,差點 可惜,10/09 09:25
→,yooyum,影帝拜託,10/09 09:25
推,benson502,嚇鼠,10/09 09:25
推,spark12,強投Nola,10/09 09:25
→,CaptainWill,能不能愛山本呢,10/09 09:25
推,bboykay,不需要傷癒磨合期的影帝,10/09 09:25
推,starry3170,影帝要來一隻大的了,10/09 09:25
推,nigatsuki,差一點,10/09 09:25
推,nightcrow,不愧是帶傷也要上的男人,10/09 09:25
推,Texsogood,好可惜 影帝很會抓第一球,10/09 09:25
推,sakurarein,這邊來一發 費城感覺就買單了,10/09 09:25
推,fxm20334,這投手不穩 很好得分吧,10/09 09:25
→,yooyum,選球超好,10/09 09:25
→,benson502,直接來一發,10/09 09:25
推,visviva,道奇都喜歡帶傷上陣,10/09 09:25
推,blacksun,影帝加油啊啊,10/09 09:25
推,HiHiCano,道奇對上ERA高的都不會打,10/09 09:25
→,etset,影帝加油,10/09 09:25
→,sooder,山本靈氣感覺浮現了,10/09 09:26
→,yooyum,得分哪有那麼容易..,10/09 09:26
推,kiversonx17,道奇完全體打線,10/09 09:26
→,inschool,滿,10/09 09:26
推,daydreamer13,還想吊,10/09 09:26
推,mictoaety,3分領先不會買單啦，還不夠蘿蔔玩,10/09 09:26
推,a6519876,講的好像前兩個左投先發很會打的樣子,10/09 09:26
推,roylee1214,滿了,10/09 09:26
推,TiauEX,好選,10/09 09:26
推,NowQmmmmmmmm,騙不到,10/09 09:26
推,galiyo,投手壓力好大,10/09 09:26
推,jiaxie,投手壓力山大,10/09 09:27
→,roylee1214,主場壓力山大,10/09 09:27
推,trasia,山本要哭了,10/09 09:27
→,citpo,還是K,10/09 09:27
→,CaminoI,還真的下庄,10/09 09:27
推,alljerry04,rrr,10/09 09:27
推,yufat,？？？？,10/09 09:27
推,myeunji,果然,10/09 09:27
→,jiaxie,Smith 站著吃K，呿Y,10/09 09:27
推,rengoku,投手壓力真的很大,10/09 09:27
→,roylee1214,....,10/09 09:27
推,peanutman,k,10/09 09:27
→,inschool,挖 居然沒揮,10/09 09:27
推,lunarblue,沒戲,10/09 09:27
推,angel1314,呃,10/09 09:27
推,bboykay,這球沒話說，真漂亮,10/09 09:27
推,Blackie9211,哇 放掉這顆,10/09 09:27
推,zxcghjko,K,10/09 09:27
推,gotohikaru,哭啊,10/09 09:27
→,NowQmmmmmmmm,這顆厲害,10/09 09:27
→,yooyum,內角…….,10/09 09:27
推,sakurarein,突然來顆內角,10/09 09:27
推,blacksun,沒分@@,10/09 09:27
推,faratia,山本日常,10/09 09:27
噓,HiHiCano,ERA 6化身賽揚獎 道奇受死,10/09 09:27
推,yang826,QQ,10/09 09:27
→,galiyo,不愧是山本 壓制打線,10/09 09:27
推,lmf770410,大意了,10/09 09:27
推,cychi,QQ,10/09 09:27
推,ericyo,大中計,10/09 09:27
推,visviva,....塞拎,10/09 09:27
→,daydreamer13,沒了 投手頂住壓力,10/09 09:27
推,c251970,KKKKKKK掉啦,10/09 09:27
推,iam0718,笑了,10/09 09:27
推,pirates223,沒得分可惜,10/09 09:27
→,DavidHale,準,10/09 09:27
推,yugowolf,費城賺翻了 竟然守住,10/09 09:27
推,CaptainWill,又K一個 GG,10/09 09:27
→,lunarblue,山本夠衰,10/09 09:27
推,befly10015,哭惹,10/09 09:27
→,roylee1214,這球進的蠻漂亮的...,10/09 09:27
推,LukeSkywaker,道奇基本功大失敗,10/09 09:27
→,NowQmmmmmmmm,大轉彎變化球,10/09 09:27
推,fmtpeter,山本：幫個...,10/09 09:27
→,rengoku,拐進來,10/09 09:27
→,cychi,這球猛,10/09 09:27
推,ycxmj,好猛的曲,10/09 09:27
→,CaminoI,山本先發 打線就讓對手變賽揚…,10/09 09:27
推,crayon1988,山本日常,10/09 09:27
→,lmf770410,恨山本打線 啟動,10/09 09:27
推,zego41,沒想到來曲球,10/09 09:27
推,cklovework,最後才轉進來，但老師比較鳥,10/09 09:27
→,murmur38,不愛山本了,10/09 09:27
推,pandergast,山本先發不意外,10/09 09:27
推,randy2903,封鎖打線靈氣,10/09 09:27
推,revise,三壘有人打不回來,10/09 09:27
推,hpfan,哭,10/09 09:27
推,Catalyst,Nola is back!,10/09 09:27
推,PartinG,喇賽nola也打不爆，可憐哪,10/09 09:27
推,canno128,山本：沒有一絲一毫的情緒起伏,10/09 09:27
→,LukeSkywaker,山本打線日常,10/09 09:27
推,zealotlai274,Nola經驗豐富解圍,10/09 09:27
推,vicky23615,山本靈壓,10/09 09:27
→,sooder,看看先發投手就知道為什麼了,10/09 09:28
推,kaede0711,山本真的有壓制打線的能力,10/09 09:28
推,darn,太可惜了,10/09 09:28
推,asd7530297,老經驗,10/09 09:28
推,SHOTN17,跑去內角…影帝一定是在抓外角,10/09 09:28
推,Rentch,MLBTV 可以螢幕看兩台嗎,10/09 09:28
推,sunwit,山本先發就是這樣,10/09 09:28
→,yang826,可惜了大哥3B,10/09 09:28
→,yufat,至少1分的內,10/09 09:28
→,LukeSkywaker,山本：不意外,10/09 09:28
推,desti23,山本發威,10/09 09:28
→,benson502,大曲投得不錯,10/09 09:28
推,spark12,山本：我習慣了 T T,10/09 09:28
噓,godnash,太爛了吧 這樣沒分,10/09 09:28
推,yban63,這就是棒球，搞不好有G4可看,10/09 09:28
推,s83106,山本:我本來就不期待,10/09 09:28
推,Darvish5566,山本靈氣,10/09 09:28
推,jeff95123,Nola雖然今年不強 但季末幾場先發投得很好就是了,10/09 09:28
推,freepure,山本真的冷.... 打線竟然兩K,10/09 09:28
推,tokugawa,山本威武,10/09 09:28
→,jiaxie,MLB TV可以雙台同播，也可以3~4台一起,10/09 09:28
推,myeunji,山本先發的日常,10/09 09:29
推,t200830217,應該打G4啦,10/09 09:29
推,gilbertmac,3個出局都是曲球解決 大谷也是打曲球沒打紮實,10/09 09:29
推,edsrfd,山本看起來又要問天了...@@,10/09 09:29
推,Getbackers,G4雪哥：我準備好了,10/09 09:29
→,ricky760814,山本加油阿,10/09 09:29
推,disasterD,雪哥可以熱身了,10/09 09:30
→,myeunji,看來有機會可以看到大谷投g5,10/09 09:30
推,Beakidd,又....又要投手戰了嗎....,10/09 09:30
→,luna2000sea,山本：隊友進化了 堆殘壘讓我空歡喜,10/09 09:30
推,zego41,又想偷雞,10/09 09:30
推,nightcrow,山本加油，完投完封就贏了,10/09 09:30
推,jm32n,又擺短棒,10/09 09:30
推,Rentch,干擾而已,10/09 09:30
推,inschool,抓得好,10/09 09:31
推,zxcghjko,GO,10/09 09:31
推,sadmonkey,山本完投完封你確定能贏？,10/09 09:31
推,rosydark,山本最好自己撐8局喔,10/09 09:31
推,yban63,山本控球無敵,10/09 09:31
推,raysbuck,山本是真不軟手,10/09 09:32
推,i376ers,山本變化球丟得進去就難打了,10/09 09:32
推,pttlulu,吊不到,10/09 09:32
→,jiaxie,吊中K,10/09 09:33
推,s83106,K,10/09 09:33
推,rosydark,kkkk,10/09 09:33
推,inschool,KKKK,10/09 09:33
推,darn,kkkkkk,10/09 09:33
推,zego41,這顆好,10/09 09:33
推,daydreamer13,終於吊到,10/09 09:33
推,TiauEX,這配得好大膽,10/09 09:33
推,cklovework,很敢配,10/09 09:33
推,zxcghjko,K,10/09 09:33
推,lunarblue,phi想出來的破局方式就是這樣？,10/09 09:33
→,jiaxie,好在沒有BB,10/09 09:33
→,inschool,真敢,10/09 09:33
推,yoyonigo,山本：咦 前兩場不是都很會打 （,10/09 09:33
推,benson502,山本跟蝸牛都是自己玩型選手，要嘛K要嘛BB,10/09 09:33
推,SHOTN17,縱向滑球 WoW 你也會 = =？,10/09 09:33
推,Nongem417,k,10/09 09:33
推,a3s5d6f4,好滑呀這顆,10/09 09:33
推,takeda0727,滑球！,10/09 09:33
推,ohlong,Kkkkkkkk,10/09 09:33
推,abyss313,掉的幅度好鬼,10/09 09:33
推,kenslc199,竟然是滑球,10/09 09:33
推,dynamo,準,10/09 09:33
推,crayon1988,準,10/09 09:33
→,zego41,大谷真的跟蝸牛山本不一樣，很敢硬塞,10/09 09:34
推,avcddd,這顆大谷滑相似度95%,10/09 09:34
→,SHOTN17,跟大谷學的嗎,10/09 09:34
→,cklovework,山本 想贏的話，至少要吃7局,10/09 09:34
→,ohlong,山本狀態超好 費城掰,10/09 09:34
推,zsincerity,大旱,10/09 09:34
推,schrei,山本真的有夠強...,10/09 09:34
→,daydreamer13,緊張,10/09 09:34
推,s83106,fo,10/09 09:34
→,inschool,老師做到了,10/09 09:34
→,zego41,又漏了兩滴,10/09 09:34
→,crayon1988,他做到了！,10/09 09:34
→,cklovework,他做到了，漏了一下,10/09 09:34
推,LAriza,老師穩,10/09 09:34
推,faratia,驚悚右外野,10/09 09:34
→,jiaxie,看老師走位，真的好怕,10/09 09:34
推,HiHiCano,乾 看老師接我漏了兩滴,10/09 09:34
→,SHOTN17,打到老師那 我都會抖一下…,10/09 09:34
推,moment612,球飛去老師那邊都怕怕的,10/09 09:34
推,zxcghjko,FO,10/09 09:34
→,hydra7,今天速球是不是有點慢,10/09 09:34
→,sooder,這球算跑的很盡力,10/09 09:34
推,jason1003s,抖,10/09 09:34
→,OneSong,今天沒有散步,10/09 09:35
推,Rentch,老師NP哈哈,10/09 09:35
推,nigatsuki,老師感人,10/09 09:35
推,sadmonkey,曲球一直被抓,10/09 09:35
→,a3s5d6f4,為什麼打右外野都怕怕的呢,10/09 09:35
推,peanutman,雙手很小心XD,10/09 09:35
推,ppc,he did it!!!!!!!!!!!!!!!!!!,10/09 09:35
推,avtime,山本狀態不錯欸,10/09 09:35
推,Nongem417,怕,10/09 09:35
推,love088195,真的怕,10/09 09:35
推,visviva,幹，老師真的讓球迷超沒安定感,10/09 09:35
推,galiyo,我還有點想看他漏接 不E不會道歉,10/09 09:35
推,adad48362,老師現在皮繃緊了,10/09 09:35
→,TokyoHard,"兩球曲球都飛很遠,要小心啦",10/09 09:35
推,max5209,還好飛很慢XD,10/09 09:35
推,sweam,跑得真快,10/09 09:35
推,darn,老師的part大家都驚驚,10/09 09:35
→,avcddd,也算有道歉了,10/09 09:35
推,lunarblue,依這種不怎麼愛山本打線，山本看來只能完投完封了,10/09 09:35
推,angelmax,看到老師都怕怕的,10/09 09:35
推,gilbertmac,費城打到沒信心了嗎 讓打擊王跟銀棒捕手擺短棒干擾,10/09 09:35
→,zz8826319,道奇打線繼續睡沒關係嘿,10/09 09:35
推,LukeSkywaker,今天山本封鎖兩邊打線的氣勢濃厚,10/09 09:35
推,starry3170,山本今天7局應該沒問題,10/09 09:35
推,angel1314,飛老師那邊的球看得有點怕,10/09 09:35
推,yoyonigo,好快的半局,10/09 09:35
→,xin114242,濃濃的封鎖雙打線,10/09 09:36
推,nightcrow,能不能資產規劃一下，E一個壘包不掉分然後道歉一RBI,10/09 09:36
推,pett,山本1-8朗希9,10/09 09:36
→,lunarblue,費城苦思一天的破局之法，開局就擺短嚇嚇他,10/09 09:36
推,morgan77123,短棒真的是 示弱嗎,10/09 09:37
→,pett,老師很會道歉，e一下搞不好就hr了,10/09 09:37
→,Rentch,讓山本順順投費城不妙啊 也是只能出奇招,10/09 09:37
推,TokyoHard,"嚇人喔,還以為老師",10/09 09:37
推,starry3170,翔平今天該開轟了吧 吃好多K了,10/09 09:37
推,jiaxie,右外好抖，差點,10/09 09:38
推,crayon1988,可惜,10/09 09:38
推,zego41,對面比老師還抖XD,10/09 09:38
推,supreme0731,他是叫他碰吧 主播在說什麼 笑死,10/09 09:38
推,benboy,判斷有點抖還是接到了,10/09 09:38
推,luca714,怎麼這邊的右外野更抖,10/09 09:38
推,daydreamer13,老師上身？守得這麼抖,10/09 09:38
推,gotohikaru,是怎樣XD  KIKE神力發威了嗎,10/09 09:38
推,LAriza,差點,10/09 09:38
推,zxcghjko,一球死,10/09 09:38
推,yooyum,可惡啊,10/09 09:38
推,mashmabo,哎呀 沒漏接 真可惜,10/09 09:38
推,inschool,嚇誰,10/09 09:38
→,Rentch,費城老師,10/09 09:38
推,pirates223,一球死,10/09 09:38
推,ae2622,差點,10/09 09:38
推,Nongem417,可惜,10/09 09:38
推,a3s5d6f4,老師怎麼沒下場還在守右外野,10/09 09:38
→,yooyum,今天風大嗎？,10/09 09:38
→,pett,Casty那守備更爛,10/09 09:38
→,benboy,忙西該炸了,10/09 09:38
→,tobbaco,他合約還有多久 快受不了了,10/09 09:38
推,nightcrow,Kike 打了一個旋球是不是,10/09 09:38
→,benboy,連看兩顆好球 西德眼鏡還沒buff,10/09 09:39
推,i376ers,恨山本打線,10/09 09:39
→,yooyum,Muncy在等什麼,10/09 09:39
推,SHOTN17,不是風 應該是這時間天還沒全黑 容易吃球,10/09 09:39
→,Romulus,Kike的神秘力量差點發功,10/09 09:39
推,adad48362,曾公在聊洋基 有人要爆氣了 說節奏不喜歡,10/09 09:39
推,daydreamer13,可惜,10/09 09:39
推,zego41,找手套,10/09 09:39
→,benboy,可惜找手套 FO,10/09 09:39
推,jiaxie,可惜，找手套,10/09 09:39
推,lunarblue,經典山本打線,10/09 09:39
推,zxcghjko,找手套,10/09 09:39
→,SHOTN17,生意真好 -..-,10/09 09:39
推,yufat,哭哭,10/09 09:39
推,crayon1988,找手套,10/09 09:39
→,inschool,山本靈氣 如風,10/09 09:39
→,yooyum,很強勁欸,10/09 09:39
推,pttlulu,都打得不錯，可惜,10/09 09:39
→,hydra7,可惜,10/09 09:39
→,galiyo,都很強勁 可惜,10/09 09:39
推,moment612,好省,10/09 09:40
→,sooder,山本靈氣持續發揮,10/09 09:40
推,gilbertmac,球速慢的不會打,10/09 09:40
→,zego41,宅男躺太久該發揮了,10/09 09:40
→,crayon1988,山本靈氣 打擊-20,10/09 09:40
推,revise,山本被動 封鎖雙方打線,10/09 09:40
推,morgan77123,封鎖兩邊打線,10/09 09:40
推,Rentch,費城老師連接兩球,10/09 09:40
→,Romulus,不行啊 道奇打線完全被山本壓制,10/09 09:40
推,housny,恨山本打線,10/09 09:40
→,yooyum,他那顆曲球好容易打到左打者的感覺,10/09 09:40
→,i376ers,怕黑季後賽好慘,10/09 09:40
推,LukeSkywaker,山本封鎖兩邊打線日常,10/09 09:40
推,pett,Nola遲早爆掉,10/09 09:40
→,crayon1988,怕黑醒醒好嗎 回家了,10/09 09:40
推,roylee1214,主場王 發揮一下啊,10/09 09:40
推,yoyonigo,兩邊的任務：攻擊右外野 (,10/09 09:40
推,Nongem417,怕黑做點事吧,10/09 09:40
→,benboy,nola恢復王牌身手(X) 山本封鎖我躲打線(O),10/09 09:40
→,fairymomo,趴 沒了,10/09 09:41
推,kazu246,大狗急了,10/09 09:41
→,sadmonkey,山本要不要練二刀流，自己的分數自己打,10/09 09:41
推,daydreamer13,主場戰士加油啊,10/09 09:41
推,nigatsuki,今天不錯了 都有打出去 之前的山本靈氣都是鳥滾或被K,10/09 09:41
推,darn,沒了,10/09 09:41
→,benboy,KKKKKKKKKK,10/09 09:41
推,moment612,也太快,10/09 09:41
→,daydreamer13,就很玄,10/09 09:41
→,jiaxie,撐過第一局，穩下來了,10/09 09:41
→,crayon1988,K,10/09 09:41
→,i376ers,夠爛,10/09 09:41
推,lmf770410,持續恨山本,10/09 09:41
推,lunarblue,帕黑到底可以多差,10/09 09:41
推,jm32n,恨山本,10/09 09:41
→,hydra7,怕黑醒醒啊,10/09 09:41
推,HiHiCano,Nola化身賽揚投手  今天看牛棚決勝負了,10/09 09:41
推,daniel4653,趕快讓山本下去吧 不然打線也沒辦法發揮,10/09 09:41
推,Windk610i,怕黑爛到流湯,10/09 09:41
推,rengoku,怕黑季後賽很冷,10/09 09:42
推,zxcghjko,怕黑沒在選球的,10/09 09:42
→,jason1003s,靈氣持續壓制中,10/09 09:42
推,kauw,忙西復出後打擊很爛,10/09 09:42
→,LukeSkywaker,山本：唉……………我才剛坐下來欸,10/09 09:42
推,intercourse,Nola化身賽揚XD 山本靈氣+35,10/09 09:42
→,daydreamer13,有沒有研究能量學的研究一下山本靈壓,10/09 09:42
推,huangjyuan,對方又變賽揚了,10/09 09:42
推,david119327,Pages跟開季一樣爛 真的是首尾呼應,10/09 09:42
推,Romulus,Nola突然退化五年 你和我說不是因為靈氣？,10/09 09:42
→,i376ers,怕黑連主場靈氣都沒了,10/09 09:42
推,pttlulu,裝備畫面：山本   防禦+10   打擊-30,10/09 09:42
推,housny,防禦率6的賽揚,10/09 09:42
推,myeunji,不愧是費城教練，知道道奇對era高的打不好,10/09 09:42
→,superLM,好緊張啊 希望道奇能贏,10/09 09:42
→,Nongem417,山本先發 就沒有打線,10/09 09:42
推,RobertLucas,忙西眼鏡失效了嗎  Q_Q,10/09 09:42
→,sadmonkey,帕黑持續低迷，不知道小金能否中外,10/09 09:42
推,sasman,帕黑低潮 不過中外野現在也沒啥人可以換吧,10/09 09:42
推,pirates223,糟糕 debuff靈氣壓制,10/09 09:42
推,JustWinslow,Nola投得像塞揚…,10/09 09:42
推,coolschumi,是不是只要山本主投，對方放顆西瓜也可以化身塞揚…,10/09 09:42
→,sasman,小金中外還是抖吧,10/09 09:42
→,Romulus,盲西那球xBA.650 初速105 就找手套而已,10/09 09:42
推,jokepeace,不是日製投手都先觀望 賽揚,10/09 09:42
推,crayon1988,小金守中外 笑死 他CF超爛你敢看,10/09 09:43
推,Wells033,山本真的很強...直接封鎖雙方打線,10/09 09:43
推,starry3170,覺得忙西前陣子季賽被連續觸身三場後狀態就一直不好,10/09 09:43
→,jokepeace,推錯哭啊,10/09 09:43
推,kaede0711,山本有強制把比賽變成投手戰的能力,10/09 09:43
→,Romulus,叫彗星手中外的是不是彗星黑 = =,10/09 09:43
→,Getbackers,山本封鎖18打線的男人,10/09 09:43
→,crayon1988,怕黑至少DRS很高 小金頂多2B,10/09 09:43
→,freepure,打線整個涼....,10/09 09:43
推,daydreamer13,小金是工具人 但是外野不是他的工具範圍,10/09 09:43
推,Krishna,山本死屍打線,10/09 09:43
推,Catalyst,Nola gogo,10/09 09:44
→,sasman,就說費城派ERA高的沒差 山本會幫忙封鎖,10/09 09:44
→,sadmonkey,不然現在帕黑在打線真的是讓一棒,10/09 09:44
→,Getbackers,沒撿,10/09 09:44
→,daydreamer13,費城戰術成功 用弱投賺兩局,10/09 09:44
推,Rentch,蘇牙要上了,10/09 09:45
→,FunnyPotato,中外野要不就Kike，要不就Call吧,10/09 09:45
推,cklovework,難怪排老師打第3棒,10/09 09:45
推,dynamo,0：0，山本比數持續中,10/09 09:45
→,FunnyPotato,Dean只是防守組,10/09 09:45
推,jiaxie,漏了一滴,10/09 09:45
推,alain,熟悉的山本靈氣 是不是可以等第七局再開電視了,10/09 09:45
→,daydreamer13,山本今天控球有點謎,10/09 09:45
推,inschool,沒事,10/09 09:45
推,carlchang092,嚇死,10/09 09:45
推,henry1915,抖,10/09 09:45
→,Rentch,第一局真的有賺,10/09 09:45
推,crayon1988,漏尿,10/09 09:45
推,angel1314,抖,10/09 09:45
推,zxcghjko,嚇死,10/09 09:45
推,zego41,三顆都很遠 山本你不要肉包欸,10/09 09:45
→,jiaxie,被咬到兩隻，怕,10/09 09:45
推,cheric,漏,10/09 09:45
推,mose56789,山本今天好像有點抖欸,10/09 09:45
推,seanlatias,抖,10/09 09:45
→,sooder,今天真的抖,10/09 09:45
推,Romulus,嚇死 怎麼最後這麼懶洋洋,10/09 09:45
推,sasman,山本今天外野飛球滿多的,10/09 09:45
推,RobertLucas,真的嚇死  鏡頭一照以為出去了,10/09 09:45
→,Rentch,還以為放棄追球了,10/09 09:45
→,mose56789,這顆又紅中==,10/09 09:45
推,pca0306,山本今天狀態好像不太好,10/09 09:45
推,jason1003s,抖,10/09 09:45
推,nightcrow,漏三滴,10/09 09:45
推,disasterD,都打好遠 嚇,10/09 09:45
推,yoyonigo,出局如風,10/09 09:46
→,Romulus,又紅中 剛剛那球初速才95？打出去怎麼感覺咬中,10/09 09:46
→,inschool,省喔,10/09 09:46
→,zego41,大哥守備穩,10/09 09:46
→,jiaxie,嚇！木屐接殺,10/09 09:46
推,benson502,省,10/09 09:46
推,rota,嚇死  以為出去,10/09 09:46
→,crayon1988,大哥穩,10/09 09:46
推,SHOTN17,大哥看起來好輕鬆,10/09 09:46
推,TiauEX,守備很幫忙,10/09 09:46
→,zxcghjko,這球不好接,10/09 09:46
→,cheric,大哥守備好穩,10/09 09:46
→,daydreamer13,說狀態好好像也沒很好 說很糟又好像很穩,10/09 09:46
推,Getbackers,沒撿,10/09 09:46
→,FunnyPotato,大哥！,10/09 09:46
推,lmf770410,大哥穩,10/09 09:46
→,jiaxie,壓框不舉,10/09 09:46
推,HiHiCano,不檢,10/09 09:46
推,sy2es6409,怕黑：...,10/09 09:46
→,mose56789,哇靠 這顆沒撿,10/09 09:46
推,riripon,其實也可以木屐外野 金就能上了 但就...,10/09 09:46
推,pirates223,不舉,10/09 09:46
→,benson502,大哥接起來好像是很簡單,10/09 09:46
→,zxcghjko,不撿,10/09 09:46
推,JustWinslow,抖了一下,10/09 09:46
推,pttlulu,沒給,10/09 09:46
→,pca0306,大哥的安定感,10/09 09:46
推,i376ers,費城打者都鎖定變化球?,10/09 09:46
→,rota,沒打好  山本要小心了,10/09 09:46
推,bboykay,這球那麼漂亮沒撿,10/09 09:46
→,FunnyPotato,這球有吧,10/09 09:46
→,hydra7,沒撿？？,10/09 09:46
→,inschool,主審也不太愛 山本自求多福,10/09 09:47
→,TiauEX,猛,10/09 09:47
→,HiHiCano,大哥！,10/09 09:47
→,jiaxie,木屐帥啦！,10/09 09:47
推,kaze1225,讚讚,10/09 09:47
→,daydreamer13,木屐守護神,10/09 09:47
→,benson502,主審就偏費，山本很難投,10/09 09:47
→,mose56789,抖 但還是三上三下 笑死,10/09 09:47
→,inschool,大哥二哥讚,10/09 09:47
推,rosydark,np,10/09 09:47
推,angel1314,帥,10/09 09:47
推,a2350221,大哥！,10/09 09:47
推,kevinhong314,帥,10/09 09:47
→,crayon1988,NP,10/09 09:47
推,cklovework,自由人：...,10/09 09:47
→,zego41,大哥太帥 特納很快,10/09 09:47
推,carlchang092,36球三局，啊打線做事啊……,10/09 09:47
→,zxcghjko,三上三下,10/09 09:47
→,hydra7,大哥帥啊,10/09 09:47
→,Romulus,大哥的SS……真的好強……,10/09 09:47
→,cheric,穩上加穩,10/09 09:47
→,SHOTN17,777大哥 TT速度超快的,10/09 09:47
→,sooder,這接傳流暢,10/09 09:47
→,pttlulu,木屐讚！,10/09 09:47
推,badotise,用球數頗省,10/09 09:47
推,love088195,太帥了,10/09 09:47
→,bboykay,省！費城想讓山本完投嗎,10/09 09:47
推,jm32n,只有大哥愛山本,10/09 09:47
→,i376ers,大哥守備秀,10/09 09:47
→,crayon1988,只有大哥愛山本,10/09 09:47
→,pirates223,木屐7777,10/09 09:47
推,Jaguarsu,穩,10/09 09:47
→,galiyo,大哥真的好帥,10/09 09:47
推,RobertLucas,MVP 守備組合,10/09 09:47
→,lmf770410,大哥唯一好朋友,10/09 09:47
推,K951753,大哥什麼都會 太強了,10/09 09:47
推,a3s5d6f4,大哥真的好強好挺,10/09 09:47
推,avcddd,躲投季後賽到現在還沒被打半隻HR也是猛,10/09 09:47
推,kaede0711,木屐超強,10/09 09:47
→,nigatsuki,NPPPPPPP,10/09 09:47
推,AwokeN,大哥守備猛,10/09 09:47
推,abyss313,超強,10/09 09:47
→,benson502,大哥二哥連線,10/09 09:47
→,FunnyPotato,大哥讚,10/09 09:47
推,hipnos,木屐好守備,10/09 09:47
→,cklovework,內野真的很愛考驗自由人,10/09 09:47
推,Rentch,木屐鐵壁,10/09 09:47
推,raylock1216,大哥越守越好,10/09 09:47
推,aa6300158,運動能力,10/09 09:47
推,pett,大哥守備好強,10/09 09:47
→,pirates223,目前只有木屐愛山本,10/09 09:47
推,avtime,木屐防守好猛喔,10/09 09:47
推,sadmonkey,大哥守備範圍真大,10/09 09:47
推,starry3170,37球 3局 今天用球超省,10/09 09:47
推,Kimheeche,大哥準,10/09 09:47
推,lookers,這個年紀逆練游擊真的很驚人,10/09 09:47
推,madrichard,木屐秀,10/09 09:47
推,sweam,大哥帥慘了,10/09 09:47
推,jokepeace,7777大哥,10/09 09:47
推,cool8418,大哥太罩了,10/09 09:47
推,vicky23615,游擊有木屐好放心,10/09 09:47
→,mose56789,這局該給點支援了吧,10/09 09:47
→,SHOTN17,想到季中還有人叫大哥回外野 -..-,10/09 09:47
推,ddog1010,木屐真的有夠能守,10/09 09:47
推,emptyz89513,大哥超帥,10/09 09:48
→,disasterD,去年自由人 今年木屐 太強了,10/09 09:48
→,yoyonigo,山本：我這邊可以盡量省 學長們加油啊,10/09 09:48
→,Romulus,打線：山本有那麼好打嗎 是在哭喔,10/09 09:48
推,KWBilly,36球，看來要拼完投了,10/09 09:48
→,RobertLucas,愛山本打線： 木屐    (後面無),10/09 09:48
→,pett,木屐這游擊越守越穩,10/09 09:48
推,darn,木屐好像隻兔子超靈活的,10/09 09:48
→,rota,木屐真的讓人感覺很安心,10/09 09:48
推,intercourse,Mookie超強,10/09 09:48
推,huang151030,季中？季末都還有人在酸XD,10/09 09:48
推,l5i9hbba,厲害了 這也能打,10/09 09:48
推,s955346,山本投球就是輕輕鬆鬆舒舒服服,10/09 09:48
→,zego41,大哥的防守才華放外野可能浪費了,10/09 09:48
→,Rentch,都是Ace stuff在投然後實質CL,10/09 09:48
→,luna2000sea,賣勾卡特阿,10/09 09:48
→,i376ers,好帥 好帥 道奇大哥真哇賽,10/09 09:48
推,kiki2125,外面塞車,10/09 11:51
推,KaiHavertz,切停車場的畫面笑死,10/09 11:51
推,lnq777,早點回家,10/09 11:51
→,crazywater,比賽,10/09 11:51
→,CelestialRel,很明顯了,10/09 11:51
推,yufat,鍵總給你們當 昨天你也會覺得養雞穩了,10/09 11:51
推,gilbertmac,崔南去年最強牛 天能去年也是超級守護神 葉去年也是,10/09 11:51
→,donkilu,笑死 球迷都去開車了,10/09 11:51
推,nepenthes7,塞車XD,10/09 11:51
推,avcddd,吹男沒得吹就投的好好的,10/09 11:51
推,canno128,這老兄明明就超強 之前是在幹,10/09 11:51
推,sadmonkey,停車場畫面比較刺激,10/09 11:51
推,hillarcher,投得不錯，明天可以用,10/09 11:51
→,usoko,原本8局上天能9局上崔南就好了 硬是要讓柯蕭多投一局,10/09 11:51
→,roylee1214,帶天能是裝飾嗎，上去練練手看看狀況啊,10/09 11:51
推,Romulus,第八局不換就明顯放推了,10/09 11:51
→,gilbertmac,超強牛,10/09 11:51
推,ohlong,頭也不回的開車回家 笑死,10/09 11:51
推,zego41,我覺得今天天能應該上來看看,10/09 11:51
推,jacky77437,大家都早點回家了,10/09 11:51
推,w9070030,大谷準備收東西回家睡覺了吧,10/09 11:51
→,Rentch,重點很多天沒投了 哪個時機點派？,10/09 11:51
→,Romulus,最謎的就是天能到底來幹嘛的,10/09 11:51
→,dynamo,南哥至少沒壓力時球控的進去,10/09 11:51
→,myeunji,躲迷：回主場打這麼爛還不如不要回來,10/09 11:51
推,adad48362,今天這局啊,10/09 11:51
推,Cutejade,別侮辱躲人  養雞爛到哭好嗎 不配贏球,10/09 11:51
推,Alderamin,重點是還要塞車= =,10/09 11:51
→,i376ers,沒壓力的南哥,10/09 11:51
→,windaz,去年世界大賽隊伍洋基道奇，今年分區賽雙雙落難,10/09 11:51
推,bboykay,什麼！？八局上南哥就不會被打爆？！哪個宇宙的事,10/09 11:52
推,SHOTN17,阿災 賽後應該有記者問史考特人呢,10/09 11:52
推,ffyguyeh,感覺就跟藍鳥洋基劇本差不多3:1,10/09 11:52
→,donkilu,八局就很適合換天能啊 老柯那狀態是有什麼好凹的= =,10/09 11:52
→,dynamo,帶天能然後不帶司機，重點天能也沒機會上啊,10/09 11:52
推,sospeter,停車場怎麼剛好有鏡頭XD,10/09 11:52
→,bboykay,！？,10/09 11:52
→,Romulus,雙雙落難我還以為道奇現在0:2在淘汰邊緣咧,10/09 11:52
→,nepenthes7,八局派南哥XD 我覺得會被打爆,10/09 11:52
→,HiHiCano,昨羅波:你不可能用五個投手度過季後賽 今天:科蕭投到死,10/09 11:52
推,zxcghjko,這分差還是早早回家睡覺比較實在,10/09 11:52
推,payneblue,記者應該只會問為何讓老柯投兩局吧 沒人在乎天能,10/09 11:52
推,nigatsuki,有些人是不是誤會前兩場贏的是費城啊,10/09 11:52
→,dynamo,其實司機應該狀況還可以不知為何不帶,10/09 11:52
推,hochu711,9局輪到2次大谷打擊 我躲有贏的可能.,10/09 11:52
推,sasman,酒人雖然今天沒橫掃成功但至少沒放推吧,10/09 11:52
→,usoko,問題就在放推你為什麼還要糟蹋老柯 不讓狀況差的天能上來練,10/09 11:53
推,tobbaco,台灣走路,10/09 11:53
→,DLN2010,不過道奇今天也才拿一分，後面投再好也沒用,10/09 11:53
→,i376ers,司機還行吧 至少控球比天能好,10/09 11:53
推,orze04,你真要放推，天能帶來幹嘛的？,10/09 11:53
推,same60710,羅波去年也這樣搞 但G8的是今年當敗處被炸爛的是一代名,10/09 11:53
→,Catalyst,道奇機會來了 發球機走路人上場 不派少主嗎,10/09 11:53
→,Rentch,任何場面都不敢用，這麼久沒投G4G5敢用？,10/09 11:53
噓,JoAdell,搞到對方不用上終結者 軍神是你,10/09 11:53
推,kenploin,不上天能為啥帶他,10/09 11:53
推,wl00533180,搞到待退大哥要當敗處 給點情面好嗎,10/09 11:53
→,usoko,難道今天投個10顆球明天就不能上了是不是,10/09 11:53
→,Romulus,很謎 調度表現的是天能不能上,10/09 11:53
推,CGary,道奇三連敗機率很低 費城應該還是掙回面子而已,10/09 11:53
推,Ferrari360,洋基是已經確定淘汰 道奇也才2：1 這樣就落難？？,10/09 11:53
→,same60710,將 球迷當然更看不下去…,10/09 11:53
推,bonuit,大谷別打擊了,10/09 11:53
→,JoAdell,去年就愛搞放推,10/09 11:53
推,Getbackers,出局如風,10/09 11:53
→,wl00533180,天能是要藏到WS膩,10/09 11:53
推,bboykay,洋基昨天逆轉大家就喊著藍鳥準備下去XD,10/09 11:53
→,jiaxie,Smith 中間鳥飛OUT,10/09 11:54
推,charmingpink,天能功用是激勵自己先發吧,10/09 11:54
推,fbi258ghost,選擇不坐牢 先走了,10/09 11:54
→,nigatsuki,最好笑的是2:1老大哥少來狀態一不好就全場放推,10/09 11:54
推,zego41,雪哥明天不妙,10/09 11:54
推,Werth,天能明天再上 蘿蔔懂的,10/09 11:54
推,duke0529,影帝配的爛打的也爛，還是繼續板凳就好,10/09 11:54
推,steamedbun,也沒激勵到啊 他根本沒熱過身 不如回家睡了,10/09 11:54
→,etset,先走了啊,10/09 11:54
推,donkilu,敗處也不是像老柯那樣當發球機...,10/09 11:54
噓,HiHiCano,道奇2:1 但內容很難看 第二戰還是撿到的,10/09 11:54
→,sasman,這場跟昨天藍鳥洋基真的有點像 一開始以為要橫掃了,10/09 11:54
推,canno128,球迷：我睡覺時間更寶貴,10/09 11:54
→,roylee1214,雪哥：要上班了,10/09 11:54
→,CGary,今天都沒用我是真信了天能的功能是用來恐嚇自己先發的了XD,10/09 11:54
→,bboykay,去年放推一堆人都說不懂，想必是忘記去年道奇走到,10/09 11:54
→,bboykay,哪了,10/09 11:54
→,usoko,老柯連好球帶都塞不進去了,10/09 11:55
推,airbase,宇宙躲沒全勝奪冠就是失敗,10/09 11:55
→,jiaxie,Hernandez 選到BB,10/09 11:55
→,etset,中午買便當不用等,10/09 11:55
推,CelestialRel,雪哥依照慣例，大概5局而已，你蘿蔔終究還是得出牛,10/09 11:55
推,Romulus,今天這打線被放推好像也剛好而已,10/09 11:55
→,roylee1214,誰管去年啊誰管去年啊,10/09 11:55
推,myeunji,結果影帝一回先發蹲捕，球隊就輸了,10/09 11:55
推,TokyoHard,這樣進CS也是被酒人電過去而已,10/09 11:55
推,i376ers,Kike:我獨醒,10/09 11:55
→,HiHiCano,建議道奇這局打到7分 8:7 讓羅波後悔,10/09 11:55
→,bboykay,那怎麼不乾脆去看看釀酒人為什麼還要讓小熊一場,10/09 11:55
推,zxc7,大谷 是要留 第五戰??,10/09 11:55
→,Diaw0803,今天這樣天能都還不上 那到底哪時才要用他?,10/09 11:55
推,sxbear,道奇這牛棚 三連敗也很正常,10/09 11:55
→,wisteriachi,天能這都沒用啊,10/09 11:55
噓,warhammer11,大聯盟打假球？,10/09 11:55
推,intercourse,影帝配球真的太老派了,10/09 11:56
推,Getbackers,海,10/09 11:56
→,zego41,???,10/09 11:56
→,roylee1214,換人配球結果大爆炸,10/09 11:56
推,steamedbun,想下班了,10/09 11:56
推,Rentch,不過其實牛棚也沒看到人耶，他確定有在嗎XDD,10/09 11:56
→,i376ers,笑死 本後球迷快走光了,10/09 11:56
推,yban63,喂,10/09 11:56
推,zxcghjko,海爆,10/09 11:56
推,raylock1216,三小XD,10/09 11:56
推,biosphere,趕下班喔XDD,10/09 11:56
推,Znps,主審趕下班,10/09 11:56
→,bboykay,不管去年，那也看看大聯盟奪冠有多難吧,10/09 11:56
推,jack34031,裁判眼幹喔,10/09 11:56
推,jacky77437,主審趕下班,10/09 11:56
→,myeunji,主審眼瞎,10/09 11:56
推,kauw,蝸牛應該吃1、5兩場,10/09 11:56
推,zealotlai274,想看球迷走光，比賽逆轉,10/09 11:56
推,dynamo,帶天能不用還不如帶司機，至少用的機會不少,10/09 11:56
推,moonzone,趕下班了,10/09 11:56
推,befly10015,連勝贏球不要變陣 不要不信 影帝就後半場上就好了,10/09 11:56
→,HiHiCano,安打囉 如果現在只差兩分.......,10/09 11:56
推,Werth,天能是激勵組的啊,10/09 11:56
推,jiaxie,Muncy 右外安打！KIKE到3B,10/09 11:56
→,i376ers,天能有隨隊嗎?,10/09 11:56
→,roylee1214,就只看這場，不然都是馬後炮,10/09 11:56
→,zxcghjko,H,10/09 11:57
→,zego41,在搞喔 前面低的壓線都不撿 高的超海又撿,10/09 11:57
→,willy4907,人走茶涼 等山本大谷沒價值 蘿蔔也會像今天對書僮,10/09 11:57
推,Joby,主審：你以為前三顆都沒揮 就是壞球嗎 我可不認同,10/09 11:57
→,bboykay,每年都有季後賽的球隊，我是挺知足了,10/09 11:57
→,Getbackers,大物,10/09 11:57
→,misaka10032,差兩分應該也看不到台灣走路上場,10/09 11:57
→,roylee1214,這是職業運動，本來就可以一場一場討論,10/09 11:57
噓,leo79415,等下追平的話就可以繼續嘴蘿蔔,10/09 11:57
→,steamedbun,一直在那邊激勵 連熱身都沒有過是要激勵什麼?,10/09 11:57
→,donkilu,忙西 晚了就不要了,10/09 11:57
推,pttlulu,現在放棄，比賽就結束了喔,10/09 11:57
推,papamonkey,主審：干我要下班啊,10/09 11:57
噓,sospeter,協尋金慧成,10/09 11:57
→,jiaxie,盲西前面DP太傷，守備又搞，只敲個安打無法道歉,10/09 11:57
推,ayjfi250,笑死，蘿蔔放推有差了,10/09 11:57
推,usoko,嫌影帝的話就要上Dalton了 但是他沒進名單吧,10/09 11:57
推,yufat,忙西3個漏接改變不了什麼,10/09 11:57
→,TokyoHard,"追平樓下十樓各1000p,我不信",10/09 11:57
→,roylee1214,可惜那局炸太多了,10/09 11:58
→,usoko,哦我瞎了,10/09 11:58
推,YummyPig,如果2分差，就有機會一棒逆轉了= =,10/09 11:58
推,Ferrari360,好,10/09 11:58
→,zealotlai274,哈哈,10/09 11:58
推,litpepper,好,10/09 11:58
→,leo79415,好,10/09 11:58
→,charmingpink,推,10/09 11:58
推,siamn,好,10/09 11:58
推,dawnny,如新,10/09 11:58
→,citpo,有啊  一直都在啊,10/09 11:58
→,donkilu,Dalton這不就來了,10/09 11:58
推,Franc1224,好,10/09 11:58
推,hexokinase,野手剩小金沒上了,10/09 11:58
推,myeunji,如果只差兩分也不會上走路人,10/09 11:58
推,JWalk77,Rushing不就正在打 根本沒看比賽在那那邊,10/09 11:58
推,pc152,難,10/09 11:58
推,orze04,你到G5才進NLCS，投手體力都半殘了,10/09 11:58
推,wai7498,完蛋道奇要和洋基一起去渡假嗎,10/09 11:58
推,marginalFeng,天能跟小金 要藏到總冠軍賽 不要不信,10/09 11:58
→,zealotlai274,正片開始，哈哈,10/09 11:58
→,wai7498,盲猜明天又是費城贏,10/09 11:58
→,Getbackers,M1,10/09 11:58
推,WMstudio,要兩個滿貫才會逆轉,10/09 11:58
→,jiaxie,Rushing 代打揮空吃K,10/09 11:59
→,donkilu,我猜大谷再見三振(x,10/09 11:59
推,zego41,拉辛好涼,10/09 11:59
推,jacky77437,內野超空，大家都回家了,10/09 11:59
→,jiaxie,擦棒,10/09 11:59
→,windaz,費城：隨便派個上來，你們能拿幾分？還是想逆轉？（挖鼻孔,10/09 11:59
→,roylee1214,會塞車啊,10/09 11:59
推,angel1314,這樣也打不回來沒救,10/09 11:59
→,hexokinase,8:1 也不給上,10/09 11:59
推,KobeCurry,幹嘛擔心那麼多 十億美元的陣容很穩吧,10/09 11:59
推,ming210706,海,10/09 11:59
推,HiHiCano,安打讚讚,10/09 11:59
→,zealotlai274,紅色的粥,10/09 11:59
推,yufat,笑死 在幹嘛,10/09 11:59
推,herokun,這球好準，捕手手套幾乎沒動,10/09 11:59
→,jiaxie,Edman 穿...越安打，KIKE得分。笑死上來終結比賽了,10/09 11:59
推,SHOTN17,Edman !,10/09 11:59
推,riripon,主審好球帶寬寬囉,10/09 11:59
推,crayon1988,施捨一分嗎,10/09 11:59
推,a7788783,球有長眼睛,10/09 11:59
推,zxcghjko,發呆喔,10/09 12:00
推,etset,再見三振了嗎,10/09 12:00
推,leo79415,涼平來個再見三振,10/09 12:00
推,usoko,竟然還能得分,10/09 12:00
推,kiv9137,臺灣走路人 掉分了QQ,10/09 12:00
推,pttlulu,重砲預備,10/09 12:00
→,HiHiCano,費城教練會抖喔,10/09 12:00
→,angel1314,有分了分差好看一點,10/09 12:00
推,jansin7456,躺平仔要上了,10/09 12:00
→,Getbackers,大谷5-0,10/09 12:00
推,pca0306,繼續涼,10/09 12:00
推,Joeng,要結束在涼平身上了嗎,10/09 12:00
→,donkilu,果然還是要看大谷,10/09 12:00
推,FukatsuEri,涼平上來結束比賽了,10/09 12:00
推,zzooazsx,這棒不用躲吧,10/09 12:00
推,Znps,涼平來終結比賽,10/09 12:00
推,akujiki,輪到笑死？,10/09 12:00
推,yban63,哇，還能看到大谷，意想不到,10/09 12:00
推,aray0625,該不會來一支,10/09 12:00
推,moonzone,該不會還能看到大谷上來再打一次吧？,10/09 12:00
→,zego41,要來對付大谷了,10/09 12:00
→,roylee1214,大谷來發暫時無關緊要的全壘打吧,10/09 12:00
推,badotise,大谷來一發重振士氣啊,10/09 12:00
→,jiaxie,換投？不用這麼誇張吧,10/09 12:00
推,lampar5566,不怕 還有6分 隨便丟,10/09 12:00
推,GniKcol,？？？？,10/09 12:00
→,pttlulu,領先這麼多，有要IBB嗎,10/09 12:00
→,jacky77437,涼平上來結束比賽吧,10/09 12:00
推,NowQmmmmmmmm,沒有第八局那樣搞現在就刺激了,10/09 12:00
推,lafeelbarth,還能在笑死結束欸,10/09 12:00
→,akujiki,怕什麼啦費城教頭,10/09 12:00
→,donkilu,再見三振 再見三振,10/09 12:00
→,usoko,大谷上來炸裂也不夠啦,10/09 12:00
推,littlebug421,能追平新北發50份雞排 我不信,10/09 12:00
推,JWalk77,還要換？？大谷那麼爛,10/09 12:00
推,LukeSkywaker,還要換投喔，大谷涼成這樣欸,10/09 12:00
→,citpo,直接換左投,10/09 12:00
噓,steamedbun,這樣就換投 反觀 放推的,10/09 12:00
推,pollux945,涼平別涼啊,10/09 12:00
→,SHOTN17,笑死 費城還燒一個左牛 賺爛了,10/09 12:00
→,angel1314,怕屁啦!大谷很涼,10/09 12:00
→,etset,終結者大谷,10/09 12:00
推,Rentch,6分是要換什麼XD,10/09 12:00
→,zealotlai274,棒球比賽的魅力就是什麼都有可能發生,10/09 12:00
推,same60710,蛤還有別的左投喔?,10/09 12:00
推,Ferrari360,大谷該尻尻了啦,10/09 12:00
→,roylee1214,真的反觀放推的,10/09 12:00
→,leo79415,涼平至少能還多耗掉一個投手,10/09 12:00
→,yufat,2出局隨便送分都沒差啦,10/09 12:00
→,akujiki,怕成這樣,10/09 12:00
推,taiwan08,5-0還要換==,10/09 12:00
推,Axarz631,會怕XD,10/09 12:00
→,zego41,怕你開炸氣勢上來,10/09 12:00
→,pca0306,這樣也要換?,10/09 12:00
推,zxc7,嚇死 怕個高中生 今天 真的跟高中生一樣,10/09 12:00
推,orze04,再涼就讓出DH吧，專心投球,10/09 12:00
推,sadmonkey,大谷來一支氣勢就起來了,10/09 12:00
→,yban63,想看炸裂，提升一下下場士氣吧,10/09 12:00
→,Joeng,總教練都自己放棄了 還在妄想追平,10/09 12:01
推,mattgene,有這麼怕嗎,10/09 12:01
→,galleon2000,涼平繼續涼啦,10/09 12:01
推,Sunpayus,太穩了吧,10/09 12:01
→,HiHiCano,大谷幹出去 8:7輸球讓羅波懺悔吧,10/09 12:01
→,LukeSkywaker,左投套餐吃到飽太狠了,10/09 12:01
推,YummyPig,??????換啥==又不是剩1分差,10/09 12:01
→,zxc7,笑死啦 幹,10/09 12:01
推,tobbaco,台灣走路好爛== 太久沒投球了嗎,10/09 12:01
→,jiaxie,法官九下2OUT敲安。笑死九下2OUT會？？,10/09 12:01
→,donkilu,這有什麼好換的zzz,10/09 12:01
推,bingxyz,差這麼多分也在怕,10/09 12:01
推,payneblue,差六分 兩出局 那麼看得起道奇,10/09 12:01
→,lafeelbarth,給你手感打起來還得了,10/09 12:01
→,steamedbun,大谷尻一發讓蘿蔔後悔,10/09 12:01
推,duece0927,怕,10/09 12:01
推,aa6300158,後面進到中心打線，會怕齁,10/09 12:01
推,duke0529,大谷大概蝦揮2球就下去了，還特地換投笑死,10/09 12:01
推,rockroddick,拖台錢,10/09 12:01
推,desti23,笑死 炸裂也還贏3分 都9局了怕什麼,10/09 12:01
→,usoko,才掉1分就換 是不是瞧不起道奇今天的躺平打線,10/09 12:01
→,Rentch,3分出去也沒差 拖台錢XD,10/09 12:01
推,Romulus,買個便當回來居然還沒gg,10/09 12:01
推,Yjizz,6分差 費城有夠謹慎,10/09 12:01
→,HiHiCano,人家六分謹慎換投  羅波2分放推,10/09 12:01
推,Aldousphyx,Q傳炸彈,10/09 12:01
推,papamonkey,無關勝負的全壘打大谷最會了,10/09 12:01
推,allenhome23,涼平繼續躺,10/09 12:01
→,moonzone,4-0 也要換左投？,10/09 12:01
推,pett,大谷這時尻一隻不就打臉蘿蔔了,10/09 12:01
推,housny,便祕打線第9局才得分 蘿蔔瓜都早放棄了,10/09 12:01
推,jkwhich,換人反而容易被炸吧www,10/09 12:01
→,roylee1214,費城人：讓大家有時間去開車,10/09 12:01
→,etset,一等二揮三回家,10/09 12:01
推,nepenthes7,不想讓大谷找到打擊的港絕 囧,10/09 12:01
推,meyu1166,又換左投 這麼狠哦qq,10/09 12:01
推,w9070030,涼平 想下班了 怕屁,10/09 12:01
推,ae2622,真謹慎 反觀蘿蔔,10/09 12:01
→,akujiki,大谷幹出去也不會7:8啊,10/09 12:01
→,yufat,費城幹嘛換 跟躲人賭啊,10/09 12:01
→,pett,蘿蔔真的是出了名愛放棄比賽的教練,10/09 12:01
→,usoko,逆轉讓道奇少賺一場你賠得起嗎,10/09 12:01
→,angel1314,刷全壘打也不會逆轉有啥好怕,10/09 12:01
→,donkilu,谷三揮 穩的啦,10/09 12:01
推,pirates223,敢不敢來個無關緊要的一轟,10/09 12:01
→,steamedbun,6分換投 2分放推 是我蘿蔔,10/09 12:02
→,orze04,換啥，分數差那麼多直接敬遠就好了吧,10/09 12:02
→,s860703,趕快結束吧 還演劇場喔…,10/09 12:02
推,checkmate,費城天能,10/09 12:02
推,jshuang,天能終於上了,10/09 12:02
推,hexokinase,好狠,10/09 12:02
推,poleslzc,到現在沒看到金 應該只剩下代跑的功能了,10/09 12:02
→,citpo,台灣走路也蠻衰的  球沒打很強,10/09 12:02
→,zealotlai274,就差一個出局數，想看史詩逆轉,10/09 12:02
→,nepenthes7,我猜就是K啦  最近超爛XD,10/09 12:02
推,kotorichan,MVP來了,10/09 12:02
→,yban63,季後賽9下2出局后，紀錄最多不知道追幾分,10/09 12:02
推,tacogary,費城人打定主意要讓大谷左投套餐吃到飽。,10/09 12:02
推,myeunji,明天又是大谷最苦手的山契斯,10/09 12:02
推,intercourse,費城天能XD,10/09 12:02
推,justinxue,笑死 左投,10/09 12:02
→,yufat,我投笑死被K一票,10/09 12:02
推,apollo62,還有機會集K換全壘打。,10/09 12:02
→,roylee1214,真的怕還不如直接IBB就好,10/09 12:02
推,a7788783,對笑死那麼尊重還特地換投,10/09 12:02
推,leo79415,異色天能幫一下,10/09 12:02
推,sakurarein,我猜一球死,10/09 12:02
推,jacky77437,費城天能,10/09 12:02
→,akujiki,笑死只是個平凡無奇的投手，今天那麼鳥怕什麼,10/09 12:02
推,safyrose,不是怕分數 用左投是防他醒  哪像放著讓碗伯醒,10/09 12:02
推,TWKaner,別瞎揮了,10/09 12:02
→,jason1003s,他們是要打擊大谷的信心,10/09 12:02
→,intercourse,乾真的是天能XD,10/09 12:02
推,YiChongJiang,天能銀行,10/09 12:02
→,zego41,大谷該做事了,10/09 12:02
推,asws0808,三振集滿可以換全壘打嗎,10/09 12:02
推,laba1133,拜託我想看追平,10/09 12:03
→,donkilu,天能!!!!!!!,10/09 12:03
推,JoyceCr0z,這個天能不知道有沒有機會,10/09 12:03
推,jiaxie,笑死 一球鳥飛OUT，GG,10/09 12:03
→,hexokinase,超爛,10/09 12:03
推,centtong,一棒結束,10/09 12:03
→,Ryoutsu,公務員今天還沒打卡,10/09 12:03
→,yufat,哈哈哈哈哈哈哈哈,10/09 12:03
推,sadmonkey,一球死,10/09 12:03
→,kotorichan,笑鼠,10/09 12:03
→,angel1314,涼,10/09 12:03
→,galleon2000,涼透了,10/09 12:03
推,reader2714,涼,10/09 12:03
→,citpo,不麻煩  一求死,10/09 12:03
→,HiSop,沒了啦 笑死,10/09 12:03
推,oas,一球死!!!!!!,10/09 12:03
推,badotise,一球死哀,10/09 12:03
→,sakurarein,啊哈 猜中了,10/09 12:03
推,priest628,一球死,10/09 12:03
→,a7788783,一球死,10/09 12:03
推,lafeelbarth,毫不囉嗦,10/09 12:03
→,roylee1214,....一球死,10/09 12:03
推,Myramous,哈哈哈,10/09 12:03
噓,HiHiCano,涼平 羅波賭對了 2:3 還不如放推 棒棒,10/09 12:03
推,henry1915,趕下班,10/09 12:03
推,Sunpayus,浪費大家時間,10/09 12:03
推,Joeng,超廢,10/09 12:03
推,kauw,唰無用全壘打的時間,10/09 12:03
推,BlakeCLT,爛死,10/09 12:03
→,zego41,亂撈,10/09 12:03
推,crayon1988,笑死,10/09 12:03
→,yban63,爛爆，笑死,10/09 12:03
推,zxcghjko,一球死,10/09 12:03
推,linlousu,大谷真的太涼,10/09 12:03
推,bluewolfzeus,1球死真鳥,10/09 12:03
→,pirates223,笑死一球死,10/09 12:03
推,Znps,忙半天,10/09 12:03
推,Joby,天能上了 但是顏色不對,10/09 12:03
→,donkilu,爛死了XDDDDDDDDDDDD,10/09 12:03
推,love088195,爛死,10/09 12:03
推,chargebro,笑死，最後一個出局,10/09 12:03
推,fatdoghusky,涼平 又是你 你最爛,10/09 12:03
→,myeunji,大谷上來就是自動算出局數了,10/09 12:03
推,raylock1216,笑死,10/09 12:03
→,jason1003s,真的爛,10/09 12:03
推,rengoku,超爛,10/09 12:03
推,wind164,笑死一球死,10/09 12:03
→,yufat,你最爛,10/09 12:03
推,pca0306,到底換幹嘛,10/09 12:03
推,riripon,一球笑死,10/09 12:03
→,JoyceCr0z,軟到炸,10/09 12:03
推,NowQmmmmmmmm,嗯就是你,10/09 12:03
推,realmd,這系列真的超涼,10/09 12:03
噓,Romulus,0分飛球,10/09 12:03
推,gotohikaru,躺平,10/09 12:03
推,LukeSkywaker,一球爛死,10/09 12:03
推,samedi,笑死,10/09 12:03
推,remsuki,戰犯,10/09 12:03
→,nepenthes7,真的超爛XD 連異色天能都打不爆,10/09 12:03
→,kilakit,一直一球死 爛死,10/09 12:03
推,HDcubed,笑死,10/09 12:03
推,Dejan,懶洋洋的飛球～,10/09 12:03
→,zealotlai274,恭喜各位，明天費城贏，這系列看到第五場,10/09 12:03
推,YummyPig,1求死==,10/09 12:03
→,AI3KB24,好爛  沒期待感了,10/09 12:03
→,leo79415,消耗球數都辦不到...,10/09 12:03
推,FukatsuEri,一球死 正常發揮,10/09 12:03
推,aa6300158,經典ㄧ球死,10/09 12:03
推,a2350221,爛死,10/09 12:03
推,w9070030,趕回家抱小孩,10/09 12:03
推,grade1kimo,笑死,10/09 12:03
噓,joanna1212,對啦 趕緊下班才不會那麼難看,10/09 12:03
→,angel1314,趕快回家睡,10/09 12:03
推,NUMB43,就是你 你最爛,10/09 12:03
→,akujiki,鳥到不行,10/09 12:03
推,ae2622,涼平QQ,10/09 12:03
推,Yjizz,0-5...,10/09 12:03
推,proprome,今日戰犯,10/09 12:03
推,usoko,笑死,10/09 12:03
推,a7696405,不如給金上來代打,10/09 12:03
推,luke417,蝦揮王,10/09 12:03
→,roylee1214,天能上了 大谷想回家了,10/09 12:03
推,misaka10032,笑死 換左投就是這麼有用 難怪會換,10/09 12:03
推,darn,果然一球死,10/09 12:03
推,kenslc199,笑死 自殺棒涼平,10/09 12:03
推,nightcrow,軟手谷,10/09 12:03
→,donkilu,大谷真的超爛耶,10/09 12:03
→,jansin7456,又是你，你最_,10/09 12:03
→,intercourse,天能銀行 給你滿滿的天能都不把握,10/09 12:03
推,mayday8888,一球躺平,10/09 12:03
→,LukeSkywaker,爛透了爛透了爛透了爛透了爛透了,10/09 12:03
推,pett,蘿蔔：好險,10/09 12:03
→,Diaw0803,真的完全軟手 幸好大谷會投球 不然會被嘲諷死,10/09 12:03
推,selamour,大谷是故意想下班吧,10/09 12:03
→,zoesshop0121,想趕快回家啦,10/09 12:03
推,van2037,真的笑死,10/09 12:03
推,soporificool,好爛欸,10/09 12:03
推,sxdcome,爛透==,10/09 12:04
推,kiv9137,鳥飛 0-5,10/09 12:04
推,kkk890210,到底是啥小一直一球死,10/09 12:04
→,linlousu,氣勢轉到費城人了,10/09 12:04
→,apollo62,大谷：我要回家睡覺了。,10/09 12:04
→,Rwhy,大谷這個打擊狀況 好絕望,10/09 12:04
→,luke417,今日最大戰犯,10/09 12:04
→,Brucetk,輸爛 道奇運氣用完了嗎,10/09 12:04
推,rasket,水啦！,10/09 12:04
推,RoastCorn,柯蕭季後賽ERA大爆漲QQ,10/09 12:04
推,rota,你還是放棄二刀吧，超爛,10/09 12:04
推,visviva,大雷包欸..,10/09 12:04
→,kauw,蘿蔔：大谷這摸爛放推有什麼不對？,10/09 12:04
推,avcddd,垃圾時間也刷不到 季後烙賽谷,10/09 12:04
→,usoko,大谷是想要突顯費城換投有多蠢對吧 我懂啦,10/09 12:04
→,sally09287,太涼….,10/09 12:04
推,strike1025,給費城打到手軟 用心良苦,10/09 12:04
→,LukeSkywaker,大谷想回家抱小孩了,10/09 12:04
→,kotorichan,洗碗伯 今天MVP,10/09 12:04
推,bonuit,大谷就好好投球,10/09 12:04
推,memichael,明天預告Glasnow爆,10/09 12:04
→,donkilu,學長只想下班吧 爛透了,10/09 12:04
推,YDSK,今天完全自殺棒，系列賽目前涼爆,10/09 12:04
→,kauw,讓二追三好戲,10/09 12:04
→,NowQmmmmmmmm,不錯啦讓大家有球看,10/09 12:04
推,SHOTN17,左牛打完 明天費城王牌374 伸卡+變速  太狠了,10/09 12:04
→,roylee1214,明天有點危 不要啊,10/09 12:04
推,jay60307,明天繼續比賽嗎？,10/09 12:04
推,bingreen,怕現場太累，讓大家回家,10/09 12:04
→,Diaw0803,大谷怎連選球都不選,10/09 12:04
→,pett,柯蕭可憐 被蘿蔔搞一個ERA腫脹了,10/09 12:05
→,windaz,搞不好三連勝，把死屍打線跟火牛棚踢下去,10/09 12:05
推,myeunji,明天打完，打擊率可能就沒一成了,10/09 12:05
推,cloud1030,上一場勝利打點就大谷打的 講成這樣,10/09 12:05
推,preattyall,明天換誰投？,10/09 12:05
→,Catalyst,前兩場不要低能調度+鐵頭就好了 希望費城手感打開 明天,10/09 12:05
→,apollo62,大谷：你們看長遠一點，明天見。,10/09 12:05
推,Sho17,5-0我上去也差不多,10/09 12:05
推,bowlling,第8局還是關鍵，沒那5分還有得看,10/09 12:05
推,wai7498,道奇明天輸的機會也大,10/09 12:05
→,Brucetk,費城真的不差,10/09 12:05
→,Diaw0803,就說幹嘛換投 浪費一個牛 結果都依樣,10/09 12:05
推,sunwit,大谷季後賽越打越爛,10/09 12:05
推,ScotchWhisky,傷害打線 去溫板凳吧,10/09 12:05
→,Catalyst,打爆雪哥 謝謝今天Nola扛住開賽兩局,10/09 12:05
推,randy2903,第5戰見,10/09 12:05
推,CGary,涼平真的有夠涼,10/09 12:05
推,mikilin23,明天大谷準備雙響砲..早就在藏了..別不信,10/09 12:06
推,realmd,讓2追3 不要不信,10/09 12:06
推,orze04,二刀還是例行賽就好了,10/09 12:06
推,myeunji,山起司投，雙響？有夢最美,10/09 12:06
推,hexokinase,讓2追3,10/09 12:06
→,steamedbun,洋基:你們昨天也說讓二追三 嗚,10/09 12:06
→,mikilin23,讓主場球迷能多看一場..,10/09 12:07
推,Rentch,本日最慘 老柯 每次都很怕他爆 但真的看到了還是辛酸,10/09 12:07
→,franchy,就說不要投了吧 專心打擊吧,10/09 12:07
→,myeunji,道奇最穩的先發爆了，就會開始連環爆,10/09 12:07
推,preattyall,上一場沒大谷那分打點，就二連敗了,10/09 12:08
→,yban63,忽然懂了，蘿蔔兩個字有什麼!慶雙十十，為了台灣球迷國慶,10/09 12:08
→,yban63,有道奇可看，真貼心,10/09 12:09
推,aa97531aa,到期輸了沒啊,10/09 12:09
推,housny,山本今天如果只掉1分還是會輸,10/09 12:11
噓,JoAdell,哪有一樣 讓對面省終結者啊 蘿蔔去年就放推讓洋基打線醒,10/09 12:12
→,JoAdell,來 還好有扣哥跟法官,10/09 12:12
推,kenkenken31,費城加油!,10/09 12:13
→,gucciin5566,山本真的好悲情,10/09 12:15
推,hstf,送,10/09 12:19
推,superamd,大谷跟蝸牛真的強 翔平就算了,10/09 12:20
噓,coletrain,5-0 的MVP還蠻猛的 這麼穩定的廢不簡單,10/09 12:38
→,snngy,翔平進入小週期循環的低谷...先過費城人才會開始上升吧,10/09 12:40
→,Brucetk,費城人摸透山本的球路了,10/09 12:41
噓,warhammer11,我只想跟王建民道歉,10/09 12:59
推,wallaceboy,明天就打包了,10/09 13:23
→,wallaceboy,費城掰,10/09 13:24
→,jack86326,愛爾達 陳裕偉 曾文誠 https://youtu.be/AL1v2VNytsU,10/09 13:36
→,jack86326,https://youtu.be/2OqS2sB4ktQ,10/09 13:36
→,jack86326,緯來 張立群 鄭又嘉 https://youtu.be/ltvjQEFwUzA,10/09 13:37
→,jack86326,立群比麥可還興奮 https://youtu.be/JshWHeVenyI,10/09 13:38
→,jack86326,https://www.youtube.com/live/D7d0ryvOQXE&t=290,10/09 13:40
→,jack86326,https://youtu.be/D7d0ryvOQXE&t=290,10/09 13:41
